{
    "meta": {
        "format": 2,
        "version": "7.5.3",
        "timestamp": "2024-07-11T12:05:23.026310",
        "branch_coverage": false,
        "show_contexts": false
    },
    "files": {
        "main.py": {
            "executed_lines": [
                171,
                172,
                173,
                180,
                181
            ],
            "summary": {
                "covered_lines": 5,
                "num_statements": 143,
                "percent_covered": 3.4965034965034967,
                "percent_covered_display": "3",
                "missing_lines": 138,
                "excluded_lines": 0
            },
            "missing_lines": [
                1,
                2,
                3,
                5,
                6,
                7,
                8,
                9,
                10,
                11,
                14,
                16,
                19,
                21,
                22,
                23,
                25,
                26,
                27,
                28,
                29,
                30,
                31,
                32,
                34,
                35,
                37,
                38,
                41,
                44,
                49,
                50,
                51,
                54,
                61,
                62,
                63,
                64,
                65,
                66,
                69,
                70,
                71,
                72,
                73,
                74,
                76,
                81,
                84,
                85,
                86,
                87,
                88,
                91,
                98,
                100,
                103,
                110,
                125,
                128,
                129,
                131,
                132,
                134,
                135,
                136,
                137,
                139,
                141,
                142,
                144,
                145,
                146,
                148,
                149,
                150,
                152,
                155,
                156,
                158,
                159,
                162,
                165,
                167,
                169,
                170,
                175,
                176,
                177,
                179,
                183,
                185,
                187,
                188,
                189,
                191,
                192,
                193,
                194,
                196,
                197,
                198,
                199,
                200,
                202,
                203,
                205,
                206,
                208,
                209,
                211,
                213,
                215,
                216,
                219,
                220,
                223,
                224,
                227,
                228,
                231,
                233,
                235,
                237,
                239,
                240,
                241,
                244,
                245,
                247,
                249,
                250,
                252,
                259,
                266,
                272,
                276,
                277
            ],
            "excluded_lines": []
        }
    },
    "totals": {
        "covered_lines": 5,
        "num_statements": 143,
        "percent_covered": 3.4965034965034967,
        "percent_covered_display": "3",
        "missing_lines": 138,
        "excluded_lines": 0
    }
}